table_name,column_name,column_type,key_type
abandoned_checkout,abandoned_checkout_url,string,
abandoned_checkout,billing_address_address1,string,
abandoned_checkout,billing_address_address2,string,
abandoned_checkout,billing_address_city,string,
abandoned_checkout,billing_address_company,string,
abandoned_checkout,billing_address_country,string,
abandoned_checkout,billing_address_country_code,string,
abandoned_checkout,billing_address_default,boolean,
abandoned_checkout,billing_address_first_name,string,
abandoned_checkout,billing_address_id,string,
abandoned_checkout,billing_address_last_name,string,
abandoned_checkout,billing_address_latitude,double,
abandoned_checkout,billing_address_longitude,double,
abandoned_checkout,billing_address_name,string,
abandoned_checkout,billing_address_phone,string,
abandoned_checkout,billing_address_province,string,
abandoned_checkout,billing_address_province_code,string,
abandoned_checkout,billing_address_zip,string,
abandoned_checkout,buyer_accepts_marketing,boolean,
abandoned_checkout,cart_token,string,
abandoned_checkout,closed_at,date,
abandoned_checkout,completed_at,date,
abandoned_checkout,created_at,date,
abandoned_checkout,currency,string,
abandoned_checkout,customer_accepts_marketing,boolean,
abandoned_checkout,customer_email,string,
abandoned_checkout,customer_email_marketing_consent_marketing_opt_in_level,string,
abandoned_checkout,customer_email_marketing_consent_marketing_state,string,
abandoned_checkout,customer_email_marketing_consent_updated_at,date,
abandoned_checkout,customer_first_name,string,
abandoned_checkout,customer_id,long,FOREIGN KEY
abandoned_checkout,customer_last_name,string,
abandoned_checkout,customer_locale,string,
abandoned_checkout,device_id,string,
abandoned_checkout,discount_codes,string,
abandoned_checkout,email,string,
abandoned_checkout,id,long,PRIMARY KEY
abandoned_checkout,landing_site,string,
abandoned_checkout,name,string,
abandoned_checkout,note,string,
abandoned_checkout,phone,string,
abandoned_checkout,presentment_currency,string,
abandoned_checkout,referring_site,string,
abandoned_checkout,shipping_address_address1,string,
abandoned_checkout,shipping_address_address2,string,
abandoned_checkout,shipping_address_city,string,
abandoned_checkout,shipping_address_company,string,
abandoned_checkout,shipping_address_country,string,
abandoned_checkout,shipping_address_country_code,string,
abandoned_checkout,shipping_address_default,boolean,
abandoned_checkout,shipping_address_first_name,string,
abandoned_checkout,shipping_address_id,string,
abandoned_checkout,shipping_address_last_name,string,
abandoned_checkout,shipping_address_latitude,double,
abandoned_checkout,shipping_address_longitude,double,
abandoned_checkout,shipping_address_name,string,
abandoned_checkout,shipping_address_phone,string,
abandoned_checkout,shipping_address_province,string,
abandoned_checkout,shipping_address_province_code,string,
abandoned_checkout,shipping_address_zip,string,
abandoned_checkout,source,string,
abandoned_checkout,source_identifier,string,
abandoned_checkout,source_name,string,
abandoned_checkout,source_url,string,
abandoned_checkout,subtotal_price,double,
abandoned_checkout,subtotal_price_set_presentment_money_amount,double,
abandoned_checkout,subtotal_price_set_presentment_money_currency_code,string,
abandoned_checkout,subtotal_price_set_shop_money_amount,double,
abandoned_checkout,subtotal_price_set_shop_money_currency_code,string,
abandoned_checkout,taxes_included,boolean,
abandoned_checkout,total_discount_set_presentment_money_amount,double,
abandoned_checkout,total_discount_set_presentment_money_currency_code,string,
abandoned_checkout,total_discount_set_shop_money_amount,double,
abandoned_checkout,total_discount_set_shop_money_currency_code,string,
abandoned_checkout,total_discounts,double,
abandoned_checkout,total_duties,double,
abandoned_checkout,total_duties_set_presentment_money_amount,double,
abandoned_checkout,total_duties_set_presentment_money_currency_code,string,
abandoned_checkout,total_duties_set_shop_money_amount,double,
abandoned_checkout,total_duties_set_shop_money_currency_code,string,
abandoned_checkout,total_line_items_price,double,
abandoned_checkout,total_line_items_price_set_presentment_money_amount,double,
abandoned_checkout,total_line_items_price_set_presentment_money_currency_code,string,
abandoned_checkout,total_line_items_price_set_shop_money_amount,double,
abandoned_checkout,total_line_items_price_set_shop_money_currency_code,string,
abandoned_checkout,total_price,double,
abandoned_checkout,total_price_set_presentment_money_amount,double,
abandoned_checkout,total_price_set_presentment_money_currency_code,string,
abandoned_checkout,total_price_set_shop_money_amount,double,
abandoned_checkout,total_price_set_shop_money_currency_code,string,
abandoned_checkout,total_tax,double,
abandoned_checkout,total_tax_set_presentment_money_amount,double,
abandoned_checkout,total_tax_set_presentment_money_currency_code,string,
abandoned_checkout,total_tax_set_shop_money_amount,double,
abandoned_checkout,total_tax_set_shop_money_currency_code,string,
abandoned_checkout,total_weight,long,
abandoned_checkout,updated_at,date,
abandoned_checkout,user_id,long,
abandoned_checkout_line,checkout_id,long,
abandoned_checkout_line,compare_at_price,double,
abandoned_checkout_line,compare_at_price_range_max_variant_compare_at_price_amount,double,
abandoned_checkout_line,compare_at_price_range_max_variant_compare_at_price_currency_code,string,
abandoned_checkout_line,compare_at_price_range_min_variant_compare_at_price_amount,double,
abandoned_checkout_line,compare_at_price_range_min_variant_compare_at_price_currency_code,string,
abandoned_checkout_line,discounted_total_price_set_presentment_money_amount,double,
abandoned_checkout_line,discounted_total_price_set_presentment_money_currency_code,string,
abandoned_checkout_line,discounted_total_price_set_shop_money_amount,double,
abandoned_checkout_line,discounted_total_price_set_shop_money_currency_code,string,
abandoned_checkout_line,gift_card,boolean,
abandoned_checkout_line,id,string,PRIMARY KEY
abandoned_checkout_line,line_price,double,
abandoned_checkout_line,original_total_price_set_presentment_money_amount,double,
abandoned_checkout_line,original_total_price_set_presentment_money_currency_code,string,
abandoned_checkout_line,original_total_price_set_shop_money_amount,double,
abandoned_checkout_line,original_total_price_set_shop_money_currency_code,string,
abandoned_checkout_line,original_unit_price_set_presentment_money_amount,double,
abandoned_checkout_line,original_unit_price_set_presentment_money_currency_code,string,
abandoned_checkout_line,original_unit_price_set_shop_money_amount,double,
abandoned_checkout_line,original_unit_price_set_shop_money_currency_code,string,
abandoned_checkout_line,presentment_title,string,
abandoned_checkout_line,price,double,
abandoned_checkout_line,product_id,long,FOREIGN KEY
abandoned_checkout_line,product_is_gift_card,boolean,
abandoned_checkout_line,product_title,string,
abandoned_checkout_line,product_type,string,
abandoned_checkout_line,quantity,int,
abandoned_checkout_line,sku,string,
abandoned_checkout_line,title,string,
abandoned_checkout_line,variant_id,long,
abandoned_checkout_line,variant_title,string,
collection,body_html,string,
collection,disjunctive,boolean,
collection,handle,string,
collection,id,long,PRIMARY KEY
collection,published_at,date,
collection,published_scope,string,
collection,sort_order,string,
collection,template_suffix,string,
collection,title,string,
collection,type,string,
collection,updated_at,date,
collection_product,collection_id,long,FOREIGN KEY
collection_product,product_id,long,FOREIGN KEY
country,code,string,
country,id,long,PRIMARY KEY
country,name,string,
country,tax,double,
country_provinces,code,string,
country_provinces,country_id,long,FOREIGN KEY
country_provinces,id,long,PRIMARY KEY
country_provinces,index,int,
country_provinces,name,string,
country_provinces,tax,double,
country_provinces,tax_name,string,
country_provinces,tax_percentage,double,
country_provinces,tax_type,string,
customer,accepts_marketing,boolean,
customer,accepts_marketing_updated_at,date,
customer,created_at,date,
customer,currency,string,
customer,email,string,
customer,email_marketing_consent_opt_in_level,string,
customer,email_marketing_consent_state,string,
customer,email_marketing_consent_updated_at,date,
customer,first_name,string,
customer,id,long,PRIMARY KEY
customer,last_name,string,
customer,marketing_opt_in_level,string,
customer,multipass_identifier,string,
customer,note,string,
customer,order_count,long,
customer,phone,string,
customer,sms_marketing_consent_collected_from,string,
customer,sms_marketing_consent_opt_in_level,string,
customer,sms_marketing_consent_state,string,
customer,sms_marketing_consent_updated_at,date,
customer,state,string,
customer,tax_exempt,boolean,
customer,total_spent,double,
customer,updated_at,date,
customer,verified_email,boolean,
customer_address,address1,string,
customer_address,address2,string,
customer_address,city,string,
customer_address,company,string,
customer_address,country,string,
customer_address,country_code,string,
customer_address,customer_id,long,FOREIGN KEY
customer_address,first_name,string,
customer_address,id,long,PRIMARY KEY
customer_address,is_default,boolean,
customer_address,last_name,string,
customer_address,name,string,
customer_address,phone,string,
customer_address,province,string,
customer_address,province_code,string,
customer_address,zip,string,
customer_metafield,created_at,date,
customer_metafield,customer_id,long,FOREIGN KEY
customer_metafield,description,string,
customer_metafield,id,long,PRIMARY KEY
customer_metafield,key,string,
customer_metafield,namespace,string,
customer_metafield,type,string,
customer_metafield,updated_at,date,
customer_metafield,value,string,
customer_tag,customer_id,long,FOREIGN KEY
customer_tag,index,int,
customer_tag,value,string,
discount_code,async_usage_count,long,
discount_code,code,string,
discount_code,created_at,date,
discount_code,ends_at,date,
discount_code,id,long,PRIMARY KEY
discount_code,price_rule_id,long,FOREIGN KEY
discount_code,starts_at,date,
discount_code,status,string,
discount_code,summary,string,
discount_code,title,string,
discount_code,updated_at,date,
discount_code,usage_count,long,
discount_code,usage_limit,int,
draft_order,applied_discount_amount,double,
draft_order,applied_discount_description,string,
draft_order,applied_discount_title,string,
draft_order,applied_discount_value,string,
draft_order,applied_discount_value_type,string,
draft_order,billing_address_address1,string,
draft_order,billing_address_address2,string,
draft_order,billing_address_city,string,
draft_order,billing_address_company,string,
draft_order,billing_address_country,string,
draft_order,billing_address_country_code,string,
draft_order,billing_address_first_name,string,
draft_order,billing_address_last_name,string,
draft_order,billing_address_latitude,double,
draft_order,billing_address_longitude,double,
draft_order,billing_address_name,string,
draft_order,billing_address_phone,string,
draft_order,billing_address_province,string,
draft_order,billing_address_province_code,string,
draft_order,billing_address_zip,string,
draft_order,completed_at,date,
draft_order,created_at,date,
draft_order,currency,string,
draft_order,customer_id,long,FOREIGN KEY
draft_order,email,string,
draft_order,id,long,PRIMARY KEY
draft_order,invoice_sent_at,date,
draft_order,invoice_url,string,
draft_order,name,string,
draft_order,note,string,
draft_order,order_id,long,FOREIGN KEY
draft_order,shipping_address_address1,string,
draft_order,shipping_address_address2,string,
draft_order,shipping_address_city,string,
draft_order,shipping_address_company,string,
draft_order,shipping_address_country,string,
draft_order,shipping_address_country_code,string,
draft_order,shipping_address_first_name,string,
draft_order,shipping_address_last_name,string,
draft_order,shipping_address_latitude,double,
draft_order,shipping_address_longitude,double,
draft_order,shipping_address_name,string,
draft_order,shipping_address_phone,string,
draft_order,shipping_address_province,string,
draft_order,shipping_address_province_code,string,
draft_order,shipping_address_zip,string,
draft_order,shipping_line_carrier,long,
draft_order,shipping_line_carrier_identifier,string,
draft_order,shipping_line_code,string,
draft_order,shipping_line_delivery_category,string,
draft_order,shipping_line_discount_allocations,string,
draft_order,shipping_line_discounted_price,double,
draft_order,shipping_line_handle,string,
draft_order,shipping_line_phone,string,
draft_order,shipping_line_price,double,
draft_order,shipping_line_requested_fulfillment_service_id,string,
draft_order,shipping_line_source,string,
draft_order,shipping_line_tax_lines,string,
draft_order,shipping_line_title,string,
draft_order,status,string,
draft_order,subtotal_price,double,
draft_order,tax_exempt,boolean,
draft_order,tax_lines,string,
draft_order,taxes_included,boolean,
draft_order,total_price,double,
draft_order,updated_at,date,
draft_order_line,applied_discount_amount,double,
draft_order_line,applied_discount_description,string,
draft_order_line,applied_discount_title,string,
draft_order_line,applied_discount_value,double,
draft_order_line,applied_discount_value_type,string,
draft_order_line,custom,boolean,
draft_order_line,draft_order_id,long,FOREIGN KEY
draft_order_line,fulfillment_service,string,
draft_order_line,gift_card,boolean,
draft_order_line,grams,int,
draft_order_line,id,long,PRIMARY KEY
draft_order_line,name,string,
draft_order_line,price,double,
draft_order_line,product_id,long,FOREIGN KEY
draft_order_line,quantity,int,
draft_order_line,requires_shipping,boolean,
draft_order_line,sku,string,
draft_order_line,tax_lines,string,
draft_order_line,taxable,boolean,
draft_order_line,title,string,
draft_order_line,variant_id,long,
draft_order_line,variant_title,string,
draft_order_line,vendor,string,
draft_order_line_tax_line,draft_order_id,long,FOREIGN KEY
draft_order_line_tax_line,draft_order_line_id,long,FOREIGN KEY
draft_order_line_tax_line,index,int,
draft_order_line_tax_line,price,double,
draft_order_line_tax_line,rate,double,
draft_order_line_tax_line,title,string,
draft_order_tag,draft_order_id,long,FOREIGN KEY
draft_order_tag,index,int,
draft_order_tag,value,string,
entitled_collection,collection_id,long,FOREIGN KEY
entitled_collection,price_rule_id,long,FOREIGN KEY
fulfillment,created_at,date,
fulfillment,id,long,PRIMARY KEY
fulfillment,location_id,long,FOREIGN KEY
fulfillment,name,string,
fulfillment,order_id,long,FOREIGN KEY
fulfillment,receipt_authorization,string,
fulfillment,service,string,
fulfillment,shipment_status,string,
fulfillment,status,string,
fulfillment,tracking_company,string,
fulfillment,tracking_numbers,string,
fulfillment,tracking_urls,string,
fulfillment,updated_at,date,
fulfillment_event,address1,string,
fulfillment_event,app_id,string,
fulfillment_event,app_name,string,
fulfillment_event,city,string,
fulfillment_event,country,string,
fulfillment_event,created_at,date,
fulfillment_event,estimated_delivery_at,date,
fulfillment_event,fulfillment_created_at,date,
fulfillment_event,fulfillment_id,long,FOREIGN KEY
fulfillment_event,fulfillment_updated_at,date,
fulfillment_event,happened_at,date,
fulfillment_event,id,long,PRIMARY KEY
fulfillment_event,latitude,double,
fulfillment_event,longitude,double,
fulfillment_event,message,string,
fulfillment_event,order_id,long,FOREIGN KEY
fulfillment_event,province,string,
fulfillment_event,shop_id,long,FOREIGN KEY
fulfillment_event,status,string,
fulfillment_event,updated_at,date,
fulfillment_event,zip,string,
fulfillment_order,assigned_location_address_1,string,
fulfillment_order,assigned_location_address_2,string,
fulfillment_order,assigned_location_city,string,
fulfillment_order,assigned_location_country_code,string,
fulfillment_order,assigned_location_location_id,string,
fulfillment_order,assigned_location_name,string,
fulfillment_order,assigned_location_phone,string,
fulfillment_order,assigned_location_province,string,
fulfillment_order,assigned_location_zip,string,
fulfillment_order,channel_id,string,
fulfillment_order,created_at,date,
fulfillment_order,fulfill_at,date,
fulfillment_order,fulfill_by,date,
fulfillment_order,id,string,PRIMARY KEY
fulfillment_order,order_app_id,string,
fulfillment_order,order_app_name,string,
fulfillment_order,order_id,string,FOREIGN KEY
fulfillment_order,order_name,string,
fulfillment_order,order_processed_at,date,
fulfillment_order,request_status,string,
fulfillment_order,shop_id,string,FOREIGN KEY
fulfillment_order,status,string,
fulfillment_order,updated_at,date,
fulfillment_order_line,fulfillable_quantity,double,
fulfillment_order_line,fulfillment_id,long,FOREIGN KEY
fulfillment_order_line,fulfillment_service,string,
fulfillment_order_line,gift_card,boolean,
fulfillment_order_line,grams,int,
fulfillment_order_line,name,string,
fulfillment_order_line,order_id,long,FOREIGN KEY
fulfillment_order_line,order_line_id,long,
fulfillment_order_line,price,double,
fulfillment_order_line,product_id,long,FOREIGN KEY
fulfillment_order_line,properties,string,
fulfillment_order_line,quantity,double,
fulfillment_order_line,requires_shipping,boolean,
fulfillment_order_line,sku,string,
fulfillment_order_line,taxable,boolean,
fulfillment_order_line,title,string,
fulfillment_order_line,variant_id,long,
fulfillment_order_line,variant_title,string,
fulfillment_order_line,vendor,string,
inventory_item,cost,string,
inventory_item,country_code_of_origin,string,
inventory_item,created_at,date,
inventory_item,id,long,PRIMARY KEY
inventory_item,province_code_of_origin,string,
inventory_item,requires_shipping,boolean,
inventory_item,sku,string,
inventory_item,tracked,boolean,
inventory_item,updated_at,date,
inventory_level,available,double,
inventory_level,inventory_item_id,long,FOREIGN KEY
inventory_level,location_id,long,FOREIGN KEY
inventory_level,updated_at,date,
line_item_group,id,string,PRIMARY KEY
line_item_group,line_item_id,string,
line_item_group,order_id,string,FOREIGN KEY
line_item_group,quantity,int,
line_item_group,title,string,
line_item_group,variant_id,string,
line_item_group,variant_sku,string,
line_items_discount_allocations,amount,double,
line_items_discount_allocations,amount_set_presentment_money_amount,double,
line_items_discount_allocations,amount_set_presentment_money_currency_code,string,
line_items_discount_allocations,amount_set_shop_money_amount,double,
line_items_discount_allocations,amount_set_shop_money_currency_code,string,
line_items_discount_allocations,discount_application_index,int,
line_items_discount_allocations,index,int,
line_items_discount_allocations,order_id,long,FOREIGN KEY
line_items_discount_allocations,order_line_id,long,
line_items_tax_lines,index,int,
line_items_tax_lines,line_item_id,long,
line_items_tax_lines,order_id,long,FOREIGN KEY
line_items_tax_lines,price,double,
line_items_tax_lines,price_set_presentment_money_amount,double,
line_items_tax_lines,price_set_presentment_money_currency_code,string,
line_items_tax_lines,price_set_shop_money_amount,double,
line_items_tax_lines,price_set_shop_money_currency_code,string,
line_items_tax_lines,rate,double,
line_items_tax_lines,title,string,
location,active,boolean,
location,address1,string,
location,address2,string,
location,city,string,
location,country,string,
location,country_code,string,
location,country_name,string,
location,created_at,date,
location,id,long,PRIMARY KEY
location,legacy,boolean,
location,localized_country_name,string,
location,localized_province_name,string,
location,name,string,
location,phone,string,
location,province,string,
location,province_code,string,
location,updated_at,date,
location,zip,string,
order,app_id,long,
order,billing_address_address1,string,
order,billing_address_address2,string,
order,billing_address_city,string,
order,billing_address_company,string,
order,billing_address_country,string,
order,billing_address_country_code,string,
order,billing_address_first_name,string,
order,billing_address_last_name,string,
order,billing_address_latitude,double,
order,billing_address_longitude,double,
order,billing_address_name,string,
order,billing_address_phone,string,
order,billing_address_province,string,
order,billing_address_province_code,string,
order,billing_address_zip,string,
order,browser_ip,string,
order,buyer_accepts_marketing,boolean,
order,cancel_reason,string,
order,cancelled_at,date,
order,cart_token,string,
order,checkout_token,string,
order,client_details_accept_language,string,
order,client_details_browser_height,double,
order,client_details_browser_ip,string,
order,client_details_browser_width,double,
order,client_details_session_hash,string,
order,client_details_user_agent,string,
order,closed_at,date,
order,confirmed,boolean,
order,created_at,date,
order,currency,string,
order,current_subtotal_price,double,
order,current_subtotal_price_set_presentment_money_amount,double,
order,current_subtotal_price_set_presentment_money_currency_code,string,
order,current_subtotal_price_set_shop_money_amount,double,
order,current_subtotal_price_set_shop_money_currency_code,string,
order,current_total_discounts,double,
order,current_total_discounts_set_presentment_money_amount,double,
order,current_total_discounts_set_presentment_money_currency_code,string,
order,current_total_discounts_set_shop_money_amount,double,
order,current_total_discounts_set_shop_money_currency_code,string,
order,current_total_duties_set_presentment_money_amount,double,
order,current_total_duties_set_presentment_money_currency_code,string,
order,current_total_duties_set_shop_money_amount,double,
order,current_total_duties_set_shop_money_currency_code,string,
order,current_total_price,double,
order,current_total_price_set_presentment_money_amount,double,
order,current_total_price_set_presentment_money_currency_code,string,
order,current_total_price_set_shop_money_amount,double,
order,current_total_price_set_shop_money_currency_code,string,
order,current_total_tax,double,
order,current_total_tax_presentment_money_amount,double,
order,current_total_tax_presentment_money_currency_code,string,
order,current_total_tax_shop_money_amount,double,
order,current_total_tax_shop_money_currency_code,string,
order,customer_id,long,FOREIGN KEY
order,customer_locale,string,
order,device_id,string,
order,email,string,
order,financial_status,string,
order,fulfillment_status,string,
order,id,long,PRIMARY KEY
order,landing_site,string,
order,landing_site_ref,string,
order,location_id,long,FOREIGN KEY
order,name,string,
order,note,string,
order,number,int,
order,order_number,int,
order,order_status_url,string,
order,original_total_duties_set_presentment_money_amount,double,
order,original_total_duties_set_presentment_money_currency_code,string,
order,original_total_duties_set_shop_money_amount,double,
order,original_total_duties_set_shop_money_currency_code,string,
order,presentment_currency,string,
order,processed_at,date,
order,processing_method,string,
order,reference,string,
order,referring_site,string,
order,shipping_address_address1,string,
order,shipping_address_address2,string,
order,shipping_address_city,string,
order,shipping_address_company,string,
order,shipping_address_country,string,
order,shipping_address_country_code,string,
order,shipping_address_first_name,string,
order,shipping_address_last_name,string,
order,shipping_address_latitude,double,
order,shipping_address_longitude,double,
order,shipping_address_name,string,
order,shipping_address_phone,string,
order,shipping_address_province,string,
order,shipping_address_province_code,string,
order,shipping_address_zip,string,
order,source_identifier,string,
order,source_name,string,
order,source_url,string,
order,subtotal_price,double,
order,subtotal_price_set_presentment_money_amount,double,
order,subtotal_price_set_presentment_money_currency_code,string,
order,subtotal_price_set_shop_money_amount,double,
order,subtotal_price_set_shop_money_currency_code,string,
order,taxes_included,boolean,
order,test,boolean,
order,token,string,
order,total_discounts,double,
order,total_discounts_set_presentment_money_amount,double,
order,total_discounts_set_presentment_money_currency_code,string,
order,total_discounts_set_shop_money_amount,double,
order,total_discounts_set_shop_money_currency_code,string,
order,total_line_items_price,double,
order,total_line_items_price_set_presentment_money_amount,double,
order,total_line_items_price_set_presentment_money_currency_code,string,
order,total_line_items_price_set_shop_money_amount,double,
order,total_line_items_price_set_shop_money_currency_code,string,
order,total_price,double,
order,total_price_set_presentment_money_amount,double,
order,total_price_set_presentment_money_currency_code,string,
order,total_price_set_shop_money_amount,double,
order,total_price_set_shop_money_currency_code,string,
order,total_price_usd,double,
order,total_shipping_price_set_presentment_money_amount,double,
order,total_shipping_price_set_presentment_money_currency_code,string,
order,total_shipping_price_set_shop_money_amount,double,
order,total_shipping_price_set_shop_money_currency_code,string,
order,total_tax,double,
order,total_tax_set_presentment_money_amount,double,
order,total_tax_set_presentment_money_currency_code,string,
order,total_tax_set_shop_money_amount,double,
order,total_tax_set_shop_money_currency_code,string,
order,total_tip_received,double,
order,total_weight,double,
order,updated_at,date,
order,usd_conversion_rate,double,
order_agreement,app_handle,string,
order_agreement,app_id,string,
order_agreement,happened_at,date,
order_agreement,id,string,PRIMARY KEY
order_agreement,order_id,string,FOREIGN KEY
order_agreement,reason,string,
order_agreement_sale,action_type,string,
order_agreement_sale,id,string,PRIMARY KEY
order_agreement_sale,line_type,string,
order_agreement_sale,order_agreement_id,string,FOREIGN KEY
order_agreement_sale,order_id,string,FOREIGN KEY
order_agreement_sale,quantity,int,
order_agreement_sale,taxes,string,
order_agreement_sale,total_amount_presentment_money_amount,string,
order_agreement_sale,total_amount_presentment_money_currency_code,string,
order_agreement_sale,total_amount_shop_money_amount,string,
order_agreement_sale,total_amount_shop_money_currency_code,string,
order_agreement_sale,total_discount_amount_after_taxes_presentment_money_amount,string,
order_agreement_sale,total_discount_amount_after_taxes_presentment_money_currency_code,string,
order_agreement_sale,total_discount_amount_after_taxes_shop_money_amount,string,
order_agreement_sale,total_discount_amount_after_taxes_shop_money_currency_code,string,
order_agreement_sale,total_discount_amount_before_taxes_presentment_money_amount,string,
order_agreement_sale,total_discount_amount_before_taxes_presentment_money_currency_code,string,
order_agreement_sale,total_discount_amount_before_taxes_shop_money_amount,string,
order_agreement_sale,total_discount_amount_before_taxes_shop_money_currency_code,string,
order_agreement_sale,total_tax_amount_presentment_money_amount,string,
order_agreement_sale,total_tax_amount_presentment_money_currency_code,string,
order_agreement_sale,total_tax_amount_shop_money_amount,string,
order_agreement_sale,total_tax_amount_shop_money_currency_code,string,
order_discount_applications,allocation_method,string,
order_discount_applications,code,string,
order_discount_applications,description,string,
order_discount_applications,index,int,
order_discount_applications,order_id,long,FOREIGN KEY
order_discount_applications,target_selection,string,
order_discount_applications,target_type,string,
order_discount_applications,title,string,
order_discount_applications,type,string,
order_discount_applications,value,string,
order_discount_applications,value_type,string,
order_line_items,fulfillable_quantity,int,
order_line_items,fulfillment_service,string,
order_line_items,fulfillment_status,string,
order_line_items,gift_card,boolean,
order_line_items,grams,int,
order_line_items,id,long,PRIMARY KEY
order_line_items,index,int,
order_line_items,name,string,
order_line_items,order_id,long,FOREIGN KEY
order_line_items,price,double,
order_line_items,price_set_presentment_money_amount,double,
order_line_items,price_set_presentment_money_currency_code,string,
order_line_items,price_set_shop_money_amount,double,
order_line_items,price_set_shop_money_currency_code,string,
order_line_items,product_exists,boolean,
order_line_items,product_id,long,FOREIGN KEY
order_line_items,quantity,int,
order_line_items,requires_shipping,boolean,
order_line_items,sku,string,
order_line_items,taxable,boolean,
order_line_items,title,string,
order_line_items,total_discount,double,
order_line_items,total_discount_set_presentment_money_amount,double,
order_line_items,total_discount_set_presentment_money_currency_code,string,
order_line_items,total_discount_set_shop_money_amount,double,
order_line_items,total_discount_set_shop_money_currency_code,string,
order_line_items,variant_id,long,
order_line_items,variant_inventory_management,string,
order_line_items,variant_title,string,
order_line_items,vendor,string,
order_metafield,created_at,date,
order_metafield,definition_description,string,
order_metafield,definition_id,string,
order_metafield,definition_key,string,
order_metafield,definition_name,string,
order_metafield,definition_namespace,string,
order_metafield,description,string,
order_metafield,id,long,PRIMARY KEY
order_metafield,key,string,
order_metafield,namespace,string,
order_metafield,order_id,long,FOREIGN KEY
order_metafield,type,string,
order_metafield,updated_at,date,
order_metafield,value,string,
order_note_attributes,name,string,
order_note_attributes,order_id,long,FOREIGN KEY
order_note_attributes,value,string,
order_risk,order_id,long,FOREIGN KEY
order_risk,recommendation,string,
order_risk_assessment,order_id,long,FOREIGN KEY
order_risk_assessment,provider_name,string,
order_risk_assessment,risk_level,string,
order_risk_assessment_fact,assessment_provider_name,string,
order_risk_assessment_fact,description,string,
order_risk_assessment_fact,index,int,
order_risk_assessment_fact,order_id,long,FOREIGN KEY
order_risk_assessment_fact,sentiment,string,
order_shipping_lines,carrier_identifier,string,
order_shipping_lines,code,string,
order_shipping_lines,delivery_category,string,
order_shipping_lines,discounted_price,double,
order_shipping_lines,discounted_price_set_presentment_money_amount,double,
order_shipping_lines,discounted_price_set_presentment_money_currency_code,string,
order_shipping_lines,discounted_price_set_shop_money_amount,double,
order_shipping_lines,discounted_price_set_shop_money_currency_code,string,
order_shipping_lines,id,long,PRIMARY KEY
order_shipping_lines,index,int,
order_shipping_lines,order_id,long,FOREIGN KEY
order_shipping_lines,phone,string,
order_shipping_lines,price,double,
order_shipping_lines,price_set_presentment_money_amount,double,
order_shipping_lines,price_set_presentment_money_currency_code,string,
order_shipping_lines,price_set_shop_money_amount,double,
order_shipping_lines,price_set_shop_money_currency_code,string,
order_shipping_lines,requested_fulfillment_service_id,string,
order_shipping_lines,source,string,
order_shipping_lines,title,string,
order_shipping_lines_tax_lines,index,int,
order_shipping_lines_tax_lines,order_id,long,FOREIGN KEY
order_shipping_lines_tax_lines,order_shipping_line_id,long,
order_shipping_lines_tax_lines,price,double,
order_shipping_lines_tax_lines,rate,double,
order_shipping_lines_tax_lines,title,string,
order_tag,index,int,
order_tag,order_id,long,FOREIGN KEY
order_tag,value,string,
order_url_tags,index,int,
order_url_tags,key,string,
order_url_tags,order_id,long,FOREIGN KEY
order_url_tags,value,string,
payment_dispute,amount,string,
payment_dispute,currency,string,
payment_dispute,evidence_due_by,date,
payment_dispute,evidence_sent_on,date,
payment_dispute,finalized_on,date,
payment_dispute,id,long,PRIMARY KEY
payment_dispute,network_reason_code,string,
payment_dispute,order_id,long,FOREIGN KEY
payment_dispute,reason,string,
payment_dispute,status,string,
payment_dispute,type,string,
payment_dispute_evidence,access_activity_log,string,
payment_dispute_evidence,billing_address_address1,string,
payment_dispute_evidence,billing_address_address2,string,
payment_dispute_evidence,billing_address_city,string,
payment_dispute_evidence,billing_address_country,string,
payment_dispute_evidence,billing_address_country_code,string,
payment_dispute_evidence,billing_address_province,string,
payment_dispute_evidence,billing_address_province_code,string,
payment_dispute_evidence,billing_address_zip,string,
payment_dispute_evidence,cancellation_policy_disclosure,string,
payment_dispute_evidence,cancellation_rebuttal,string,
payment_dispute_evidence,created_at,string,
payment_dispute_evidence,customer_email_address,string,
payment_dispute_evidence,customer_first_name,string,
payment_dispute_evidence,customer_last_name,string,
payment_dispute_evidence,dispute_evidence_files_cancellation_policy_file_id,long,
payment_dispute_evidence,dispute_evidence_files_customer_communication_file_id,long,
payment_dispute_evidence,dispute_evidence_files_customer_signature_file_id,long,
payment_dispute_evidence,dispute_evidence_files_refund_policy_file_id,long,
payment_dispute_evidence,dispute_evidence_files_service_documentation_file_id,long,
payment_dispute_evidence,dispute_evidence_files_shipping_documentation_file_id,long,
payment_dispute_evidence,dispute_evidence_files_uncategorized_file_id,long,
payment_dispute_evidence,dispute_shipping_address_address1,string,
payment_dispute_evidence,dispute_shipping_address_address2,string,
payment_dispute_evidence,dispute_shipping_address_city,string,
payment_dispute_evidence,dispute_shipping_address_country,string,
payment_dispute_evidence,dispute_shipping_address_country_code,string,
payment_dispute_evidence,dispute_shipping_address_province,string,
payment_dispute_evidence,dispute_shipping_address_province_code,string,
payment_dispute_evidence,dispute_shipping_address_zip,string,
payment_dispute_evidence,fulfillments_shipping_carrier,string,
payment_dispute_evidence,fulfillments_shipping_date,date,
payment_dispute_evidence,fulfillments_shipping_tracking_number,long,
payment_dispute_evidence,id,long,PRIMARY KEY
payment_dispute_evidence,payments_dispute_id,long,
payment_dispute_evidence,product_description_price,string,
payment_dispute_evidence,product_description_product_description,string,
payment_dispute_evidence,product_description_product_name,string,
payment_dispute_evidence,product_description_quantity,string,
payment_dispute_evidence,product_description_title,string,
payment_dispute_evidence,refund_policy_disclosure,string,
payment_dispute_evidence,refund_refusal_explanation,string,
payment_dispute_evidence,submitted,boolean,
payment_dispute_evidence,uncategorized_text,string,
payment_dispute_evidence,updated_on,string,
price_rule,allocation_limit,long,
price_rule,allocation_method,string,
price_rule,created_at,date,
price_rule,customer_selection,string,
price_rule,ends_at,date,
price_rule,id,long,PRIMARY KEY
price_rule,once_per_customer,boolean,
price_rule,prerequisite_quantity_range,long,
price_rule,prerequisite_shipping_price_range,double,
price_rule,prerequisite_subtotal_range,double,
price_rule,prerequisite_to_entitlement_purchase_prerequisite_amount,double,
price_rule,quantity_ratio_entitled_quantity,long,
price_rule,quantity_ratio_prerequisite_quantity,long,
price_rule,starts_at,date,
price_rule,target_selection,string,
price_rule,target_type,string,
price_rule,title,string,
price_rule,updated_at,date,
price_rule,usage_limit,long,
price_rule,value,string,
price_rule,value_type,string,
product,body_html,string,
product,created_at,date,
product,handle,string,
product,id,long,PRIMARY KEY
product,product_type,string,
product,published_at,date,
product,published_scope,string,
product,status,string,
product,template_suffix,string,
product,title,string,
product,updated_at,date,
product,vendor,string,
product_image,created_at,date,
product_image,height,int,
product_image,id,long,PRIMARY KEY
product_image,position,int,
product_image,product_id,long,FOREIGN KEY
product_image,src,string,
product_image,updated_at,date,
product_image,width,int,
product_metafield,created_at,date,
product_metafield,description,string,
product_metafield,id,long,PRIMARY KEY
product_metafield,key,string,
product_metafield,namespace,string,
product_metafield,product_id,long,FOREIGN KEY
product_metafield,type,string,
product_metafield,updated_at,date,
product_metafield,value,string,
product_option_values,index,int,
product_option_values,product_id,long,FOREIGN KEY
product_option_values,product_option_id,long,
product_option_values,value,string,
product_options,id,long,PRIMARY KEY
product_options,name,string,
product_options,position,int,
product_options,product_id,long,FOREIGN KEY
product_variant,barcode,string,
product_variant,compare_at_price,double,
product_variant,created_at,date,
product_variant,fulfillment_service,string,
product_variant,grams,double,
product_variant,id,long,PRIMARY KEY
product_variant,image_id,long,
product_variant,inventory_item_id,long,FOREIGN KEY
product_variant,inventory_management,string,
product_variant,inventory_policy,string,
product_variant,inventory_quantity,int,
product_variant,old_inventory_quantity,double,
product_variant,option1,string,
product_variant,option2,string,
product_variant,option3,string,
product_variant,position,int,
product_variant,price,double,
product_variant,product_id,long,FOREIGN KEY
product_variant,requires_shipping,boolean,
product_variant,sku,string,
product_variant,taxable,boolean,
product_variant,title,string,
product_variant,updated_at,date,
product_variant,weight,double,
product_variant,weight_unit,string,
product_variant_contextual_pricing,context_country_code,string,
product_variant_contextual_pricing,contextual_pricing_compare_at_price_amount,double,
product_variant_contextual_pricing,contextual_pricing_compare_at_price_currency_code,string,
product_variant_contextual_pricing,contextual_pricing_price_amount,double,
product_variant_contextual_pricing,contextual_pricing_price_currency_code,string,
product_variant_contextual_pricing,product_id,string,FOREIGN KEY
product_variant_contextual_pricing,product_variant_id,string,FOREIGN KEY
product_variant_option,name,string,
product_variant_option,product_id,long,FOREIGN KEY
product_variant_option,product_variant_id,long,FOREIGN KEY
product_variant_option,value,string,
shop,address1,string,
shop,address2,string,
shop,checkout_api_supported,boolean,
shop,city,string,
shop,cookie_consent_level,string,
shop,country,string,
shop,country_code,string,
shop,country_name,string,
shop,county_taxes,boolean,
shop,created_at,date,
shop,currency,string,
shop,customer_email,string,
shop,domain,string,
shop,eligible_for_card_reader_giveaway,boolean,
shop,eligible_for_payments,boolean,
shop,email,string,
shop,enabled_presentment_currencies,string,
shop,finances,boolean,
shop,google_apps_domain,string,
shop,google_apps_login_enabled,boolean,
shop,has_discounts,boolean,
shop,has_gift_cards,boolean,
shop,has_storefront,boolean,
shop,iana_timezone,string,
shop,id,long,PRIMARY KEY
shop,latitude,double,
shop,longitude,double,
shop,money_format,string,
shop,money_in_emails_format,string,
shop,money_with_currency_format,string,
shop,money_with_currency_in_emails_format,string,
shop,multi_location_enabled,boolean,
shop,myshopify_domain,string,
shop,name,string,
shop,password_enabled,boolean,
shop,phone,string,
shop,plan_display_name,string,
shop,plan_name,string,
shop,pre_launch_enabled,boolean,
shop,primary_locale,string,
shop,primary_location_id,long,
shop,province,string,
shop,province_code,string,
shop,requires_extra_payments_agreement,boolean,
shop,setup_required,boolean,
shop,shop_owner,string,
shop,source,string,
shop,tax_shipping,boolean,
shop,taxes_included,boolean,
shop,timezone,string,
shop,updated_at,date,
shop,visitor_tracking_consent_preference,string,
shop,weight_unit,string,
shop,zip,string,
tender_transaction,amount,double,
tender_transaction,currency,string,
tender_transaction,id,long,PRIMARY KEY
tender_transaction,order_id,long,FOREIGN KEY
tender_transaction,payment_details_credit_card_company,string,
tender_transaction,payment_details_credit_card_number,string,
tender_transaction,payment_method,string,
tender_transaction,processed_at,date,
tender_transaction,remote_reference,string,
tender_transaction,test,boolean,
tender_transaction,user_id,long,
transaction,amount,double,
transaction,authorization,string,
transaction,authorization_expires_at,date,
transaction,created_at,date,
transaction,currency,string,
transaction,currency_exchange_adjustment,double,
transaction,currency_exchange_currency,string,
transaction,currency_exchange_final_amount,double,
transaction,currency_exchange_id,long,
transaction,currency_exchange_original_amount,double,
transaction,device_id,string,
transaction,error_code,string,
transaction,gateway,string,
transaction,id,long,PRIMARY KEY
transaction,kind,string,
transaction,message,string,
transaction,order_id,long,FOREIGN KEY
transaction,parent_id,long,
transaction,payment_details_avs_result_code,string,
transaction,payment_details_credit_card_bin,string,
transaction,payment_details_credit_card_company,string,
transaction,payment_details_credit_card_number,string,
transaction,payment_details_cvv_result_code,string,
transaction,processed_at,date,
transaction,receipt_amount,double,
transaction,receipt_status,string,
transaction,source_name,string,
transaction,status,string,
transaction,test,boolean,
transaction,user_id,long,
